Media Time (seconds),Arousal (%)
0.0,24.5
0.0,34.0
0.811684,23.0
2.248192,17.5
5.259448,55.50000000000001
5.430086,40.0
11.004616,27.0
11.991339,26.5
12.167384,26.5
19.662826,27.0
19.87275,27.0
20.63758,28.000000000000004
25.722804,32.99999999999999
26.146473,34.0
